<?xml version="1.0" encoding="UTF-8" standalone="yes"?>
<addon id="plugin.video.kctv" name="Korea Central Television" version="0.0.1" provider-name="pyongyang">
  <requires>
    <import addon="xbmc.python" version="2.1.0"/>
  </requires>
  <extension point="xbmc.python.pluginsource" library="defauly.py">
    <provides>video</provides>
  </extension>
  <extension point="xbmc.addon.metadata">
    <summary lang="en">North Korean Television</summary>
    <description lang="en">Stream North Korean television!</description>
    <disclaimer lang="en"></disclaimer>
    <language></language>
    <platform>all</platform>
    <license></license>
    <forum></forum>
    <website></website>
    <email></email>
    <source></source>
  </extension>
</addon>
