<?xml version="1.0" encoding="UTF-8" standalone="yes"?>
<addon id="plugin.video.kctv" name="Korea Central Television" version="0.0.2" provider-name="pyongyang">
  <requires>
    <import addon="xbmc.python" version="2.1.0"/>
  </requires>
  <extension point="xbmc.python.pluginsource" library="default.py">
    <provides>video</provides>
  </extension>
  <extension point="xbmc.addon.metadata">
    <summary lang="en">Korea Central Television</summary>
    <description lang="en">Stream North Korean television</description>
    <disclaimer lang="en">Video source is located in south Korea where watching broadcasts from the North is illegal. KCTV does not transmit 24 hours a day,</disclaimer>
    <language>Korean</language>
    <platform>all</platform>
    <license></license>
    <forum></forum>
    <website></website>
    <email>fleminga@redlentilcomputing.com</email>
    <source></source>
  </extension>
</addon>
